"Credit Memos","Memorandos de Crédito"
"Orders","Pedidos"
"Invoices","Faturas"
"We can't get the order instance right now.","Não foi possível obter a instância do pedido."
"Create New Order","Criar novo pedido"
"Save Order Address","Salvar endereço do pedido"
"Shipping","Frete"
"Billing","Cobrança"
"Edit Order %1 %2 Address","Editar pedido %1 %2 endereço"
"Order Address Information","Informações de endereço do pedido"
"Please correct the parent block for this block.","Por favor, corrija o bloco pai para este bloco."
"Submit Comment","Enviar comentário"
"Submit Order","Enviar pedido"
"Are you sure you want to cancel this order?","Você tem certeza que deseja cancelar este pedido?"
"Cancel","Cancelar"
"Billing Address","Endereço de Cobrança"
"Payment Method","Forma de pagamento"
"Order Comment","Comentário do pedido"
"Coupons","Cupons"
"Please select a customer","Por favor selecione um cliente"
"Create New Customer","Criar novo cliente"
"Account Information","Informações da Conta"
"From","De"
"To","Até"
"Message","Mensagem"
"Edit Order #%1","Editar pedido #%1"
"Create New Order for %1 in %2","Criar novo pedido para %1 em %2"
"Create New Order for New Customer in %1","Criar novo pedido, para um novo cliente em %1"
"Create New Order for %1","Criar novo pedido para %1"
"Create New Order for New Customer","Criar novo pedido, para um novo cliente"
"Items Ordered","Itens comprados"
"This product is disabled.","Este produto está desabilitado."
"Buy %1 for price %2","Compre %1 pelo preço de %2"
"Item ordered qty","Qtde comprada do item"
"%1 with %2 discount each","%1 com %2 de desconto cada"
"%1 for %2","%1 por %2"
"* - Enter custom price including tax","* - Inserir preço personalizado, incluindo impostos"
"* - Enter custom price excluding tax","* - Inserir preço personalizado, excluindo impostos"
"Configure","Configurar"
"This product does not have any configurable options","Este produto não possui qualquer opções configuráveis"
"Newsletter Subscription","Assinar Newsletter"
"Please select products","Por favor, selecione os produtos"
"Add Selected Product(s) to Order","Adicionar o(s) produto(s) selecionado(s) ao pedido"
"ID","ID"
"Product","Produto"
"SKU","SKU"
"Price","Preço"
"Select","Selecione"
"Quantity","Quantidade"
"Shipping Address","Endereço de entrega"
"Shipping Method","Método de Entrega"
"Update Changes","Atualizar as alterações"
"Shopping Cart","Carrinho de Compras"
"Are you sure you want to delete all items from shopping cart?","Você tem certeza que deseja excluir todos os itens do carrinho de compras?"
"Clear Shopping Cart","Limpar Carrinho de Compras"
"Products in Comparison List","Produtos na lista de comparação"
"Recently Compared Products","Produtos comparados recentemente"
"Recently Viewed Products","Produtos visualizados recentemente"
"Last Ordered Items","Últimos itens comprados"
"Recently Viewed","Visualizados recentemente"
"Wish List","Lista de desejos"
"Please select a store","Por favor, selecione uma loja"
"Order Totals","Total do pedido"
"Shipping Incl. Tax (%1)","Frete incl. imposto (%1)"
"Shipping Excl. Tax (%1)","Frete excl. imposto (%1)"
"New Credit Memo for Invoice #%1","Novo memorando de crédito para fatura #%1"
"New Credit Memo for Order #%1","Novo memorando de crédito para o pedido #%1"
"Refund Shipping (Incl. Tax)","Reembolso de frete (incl. imposto)"
"Refund Shipping (Excl. Tax)","Reembolso de frete (excl. imposto)"
"Refund Shipping","Reembolso de frete"
"Update Qty's","Atualizar qtde"
"Refund","Reembolso"
"Refund Offline","Restituido off-line"
"Paid Amount","Valor pago"
"Refund Amount","Valor reembolsado"
"Shipping Amount","Valor do envio"
"Shipping Refund","Frete reembolsado"
"Order Grand Total","Total geral do pedido"
"Adjustment Refund","Ajuste de reembolso"
"Adjustment Fee","Taxa de ajuste"
"Send Email","Enviar e-mail"
"Are you sure you want to send a credit memo email to customer?","Você tem certeza que deseja enviar um e-mail de memorando de crédito para o cliente?"
"Void","Anular"
"Print","Imprimir"
"The credit memo email was sent.","O e-mail de memorando de crédito foi enviado."
"The credit memo email wasn't sent.","O e-mail de memorando de crédito não foi enviado."
"Credit Memo #%1 | %3 | %2 (%4)","Memorando de Crédito #%1 | %3 | %2 (%4)"
"Total Refund","Total reembolsado"
"New Invoice and Shipment for Order #%1","Nova fatura e envio para o pedido #%1"
"New Invoice for Order #%1","Nova fatura para o pedido #%1"
"Submit Invoice and Shipment","Enviar fatura e postagem"
"Submit Invoice","Enviar fatura"
"Are you sure you want to send an invoice email to customer?","Você tem certeza que deseja enviar um e-mail de fatura para o cliente?"
"Credit Memo","Memorando de Crédito"
"Capture","Captura"
"The invoice email was sent.","O e-mail de fatura foi enviado."
"The invoice email wasn't sent.","O e-mail de fatura não foi enviado."
"Invoice #%1 | %2 | %4 (%3)","Fatura #%1 | %2 | %4 (%3)"
"Invalid parent block for this block","O bloco pai é inválido para este bloco"
"Order Statuses","Status do pedido"
"Create New Status","Criar novo status"
"Assign Status to State","Assign Status to State"
"Save Status Assignment","Save Status Assignment"
"Assign Order Status to State","Assign Order Status to State"
"Assignment Information","Informações de atribuição"
"Order Status","Situação do pedido"
"Order State","Order State"
"Use Order Status As Default","Use Order Status As Default"
"Visible On Storefront","Visible On Storefront"
"Edit Order Status","Edit Order Status"
"Save Status","Salvar status"
"New Order Status","New Order Status"
"Order Status Information","Order Status Information"
"Status Code","Código de status"
"Status Label","Rótulo do status"
"Store View Specific Labels","Store View Specific Labels"
"Total Paid","Total pago"
"Total Refunded","Total reembolsado"
"Total Due","Total devido"
"Edit","Editar"
"Are you sure you want to send an order email to customer?","Tem certeza de que deseja enviar um e-mail de pedido para o cliente?"
"This will create an offline refund. To create an online refund, open an invoice and create credit memo for it. Do you want to continue?","This will create an offline refund. To create an online refund, open an invoice and create credit memo for it. Do you want to continue?"
"Are you sure you want to void the payment?","Você tem certeza que deseja anular o pagamento?"
"Hold","Hold"
"hold","hold"
"Unhold","Unhold"
"unhold","unhold"
"Are you sure you want to accept this payment?","Você tem certeza que deseja aceitar este pagamento?"
"Accept Payment","Aceitar pagamento"
"Are you sure you want to deny this payment?","Você tem certeza que deseja negar este pagamento?"
"Deny Payment","Negar pagamento"
"Get Payment Update","Obter atualização do pagamento"
"Invoice and Ship","Fatura e envio"
"Invoice","Fatura"
"Ship","Enviar"
"Reorder","Refazer pedido"
"Order # %1 %2 | %3","Pedido # %1 %2 | %3"
"This order contains (%1) items and therefore cannot be edited through the admin interface. If you wish to continue editing, the (%2) items will be removed,  the order will be canceled and a new order will be placed.","This order contains (%1) items and therefore cannot be edited through the admin interface. If you wish to continue editing, the (%2) items will be removed,  the order will be canceled and a new order will be placed."
"Are you sure? This order will be canceled and a new one will be created instead.","Você tem certeza? Este pedido será cancelado e um novo será criado."
"Save Gift Message","Salvar a mensagem de presente"
" [deleted]"," [apagado]"
"Order Credit Memos","Memorandos de crédito do pedido"
"Credit memo #%1 created","Memorando de Crédito #%1 criado"
"Credit memo #%1 comment added","Memorando de Crédito #%1 comentário adicionado"
"Shipment #%1 created","Postagem #%1 criada"
"Shipment #%1 comment added","Postagem #%1 comentário adicionado"
"Invoice #%1 created","Fatura #%1 criada"
"Invoice #%1 comment added","Fatura #%1 comentário adicionado"
"Tracking number %1 for %2 assigned","Número de rastreamento %1 para %2 atribuído"
"Comments History","Histórico de comentários"
"Order History","Histórico de pedidos"
"Information","Informação"
"Order Information","Informações do pedido"
"Order Invoices","Faturas do pedido"
"Shipments","Postagens"
"Order Shipments","Postagens do pedido"
"Transactions","Transações"
"Order View","Visualizar pedido"
"Any","Qualquer"
"Specified","Especificado"
"Applies to Any of the Specified Order Statuses except canceled orders","Aplica-se a qualquer um dos status de pedidos especificados, exceto pedidos cancelados"
"Cart Price Rule","Regra de preço no carrinho"
"Yes","Sim"
"No","Não"
"Show Actual Values","Mostrar valores atuais"
"New Order RSS","RSS de novos pedidos"
"Subtotal","Subtotal"
"Shipping & Handling","Envio e Manuseio"
"Discount (%1)","Desconto (%1)"
"Discount","Desconto"
"Grand Total","Total geral"
"Back","Voltar"
"Fetch","Busca"
"Transaction # %1 | %2","Transação # %1 | %2"
"N/A","Não Disponível"
"Key","Chave"
"Value","Valor"
"We found an invalid entity model.","Encontramos um modelo de entidade inválido."
"Order # %1","Pedido #%1"
"Back to My Orders","Voltar para Meus Pedidos"
"View Another Order","Ver outro pedido"
"About Your Refund","Sobre seu reembolso"
"My Orders","Meus pedidos"
"Subscribe to Order Status","Assine o status do pedido"
"About Your Invoice","Sobre sua fatura"
"Print Order # %1","Impressão do pedido # %1"
"Grand Total to be Charged","Valor total a cobrar"
"Unassign","Desatribuir"
"We can't add this item to your shopping cart right now.","Nós não podemos adicionar este item ao seu carrinho de compras agora."
"You sent the message.","Você enviou a mensagem."
"Sales","Vendas"
"This order no longer exists.","Este pedido não existe mais."
"Please enter a comment.","Por favor, digite um comentário."
"We cannot add order history.","Não foi possível adicionar o histórico de pedidos."
"You updated the order address.","Você atualizou o endereço do pedido."
"We can't update the order address right now.","Não foi possível atualizar o endereço do pedido."
"You have not canceled the item.","Você não cancelou o item."
"You canceled the order.","Você cancelou o pedido."
"""%1"" coupon code was not applied. Do not apply discount is selected for item(s)","código de cupom ""%1"" não foi aplicado. Não aplicar desconto foi selecionado para o(s) item(ns)"
"""%1"" coupon code is not valid.","O código do cupom ""%1"" não é válido."
"The coupon code has been accepted.","O código do cupom foi aceito."
"Quote item id is not received.","Id do item cotado não foi recebido."
"Quote item is not loaded.","Item cotado não está carregado."
"New Order","Novo pedido"
"You created the order.","Você criou o pedido."
"Order saving error: %1","Erro na gravação do pedido: %1"
"Cannot add new comment.","Não é possível adicionar novos comentários."
"The credit memo has been canceled.","O memorando de crédito foi cancelado."
"Credit memo has not been canceled.","O memorando de crédito não foi cancelado."
"New Memo for #%1","Novo memorando para #%1"
"New Memo","Novo memorando"
"The credit memo's total must be positive.","O total do memorando de crédito deve ser positivo."
"Cannot create online refund for Refund to Store Credit.","Não é possível criar um reembolso on-line para reembolsar crédito na loja."
"You created the credit memo.","Você criou o memorando de crédito."
"We can't save the credit memo right now.","Não foi possível salvar o memorando de crédito."
"We can't update the item's quantity right now.","Não foi possível atualizar a quantidade do item."
"View Memo for #%1","Ver memorando para #%1"
"View Memo","Ver memorando"
"You voided the credit memo.","Você anulou o memorando de crédito."
"We can't void the credit memo.","Não foi possível anular o memorando de crédito."
"The order no longer exists.","O pedido não existe mais."
"We can't create credit memo for the order.","Não foi possível criar o memorando de crédito para o pedido."
"Edit Order","Editar pedido"
"You sent the order email.","Você enviou o e-mail do pedido."
"We can't send the email order right now.","Não foi possível enviar o e-mail do pedido."
"You have not put the order on hold.","You have not put the order on hold."
"You put the order on hold.","You put the order on hold."
"You canceled the invoice.","Você cancelou a fatura."
"Invoice canceling error","Erro ao cancelar a fatura"
"The invoice has been captured.","A fatura foi capturada."
"Invoice capturing error","Erro na captura da fatura"
"The order does not allow an invoice to be created.","O pedido não permite a criação de fatura."
"You can't create an invoice without products.","Não é possível criar uma fatura sem produtos."
"New Invoice","Nova fatura"
"We can't save the invoice right now.","Não foi possível salvar a fatura."
"The invoice and the shipment  have been created. The shipping label cannot be created now.","The invoice and the shipment  have been created. The shipping label cannot be created now."
"You created the invoice and shipment.","Você criou a fatura e a postagem."
"The invoice has been created.","A fatura foi criada."
"We can't send the invoice email right now.","Não foi possível enviar o e-mail da fatura."
"We can't send the shipment right now.","Não foi possível enviar a postagem."
"Cannot update item quantity.","Não foi possível atualizar a quantidade do item."
"The invoice has been voided.","A fatura foi anulada."
"Invoice voiding error","Ocorreu um erro ao anular a fatura"
"%1 order(s) cannot be canceled.","%1 order(s) cannot be canceled."
"You cannot cancel the order(s).","Você não pode cancelar o(s) pedido(s)."
"We canceled %1 order(s).","Nós cancelamos %1 pedido(s)."
"%1 order(s) were not put on hold.","%1 order(s) were not put on hold."
"No order(s) were put on hold.","No order(s) were put on hold."
"You have put %1 order(s) on hold.","You have put %1 order(s) on hold."
"%1 order(s) were not released from on hold status.","%1 order(s) were not released from on hold status."
"No order(s) were released from on hold status.","No order(s) were released from on hold status."
"%1 order(s) have been released from on hold status.","%1 order(s) have been released from on hold status."
"There are no printable documents related to selected orders.","Não ha documentos impressos relacionados aos pedidos selecionados."
"The payment has been accepted.","O pagamento foi aceito."
"The payment has been denied.","O pagamento foi negado."
"Transaction has been approved.","A transação foi aprovada."
"Transaction has been voided/declined.","A transação foi anulada/declinada."
"There is no update for the transaction.","Não há nenhuma atualização para a transação."
"We can't update the payment right now.","Não foi possível atualizar o pagamento."
"You assigned the order status.","Você atribuiu o status do pedido."
"Something went wrong while assigning the order status.","Ocorreu um ao atribuir o status do pedido."
"We can't find this order status.","Não encontramos este status de pedido."
"Create New Order Status","Criar novo status de pedido"
"We found another order status with the same order status code.","Encontramos outro status de pedido com o mesmo código de status."
"You saved the order status.","Você salvou o status do pedido."
"We can't add the order status right now.","Não foi possível adicionar o status do pedido."
"You have unassigned the order status.","Você desatribui o status do pedido."
"Something went wrong while unassigning the order.","Ocorreu um erro ao desatribuir o pedido."
"Can't unhold order.","Can't unhold order."
"You released the order from holding status.","You released the order from holding status."
"The order was not on hold.","The order was not on hold."
"Exception occurred during order load","Ocorreu uma exceção durante o carregamento do pedido"
"Something went wrong while saving the gift message.","Ocorreu um erro ao salvar a mensagem do cartão de presente."
"You saved the gift card message.","Você salvou a mensagem do cartão de presente."
"The payment has been voided.","O pagamento foi anulado."
"We can't void the payment right now.","Não foi possível anular o pagamento."
"Please correct the transaction ID and try again.","Por favor, corrija o ID de transação e tente novamente."
"The transaction details have been updated.","Os detalhes da transação foram atualizados."
"We can't update the transaction details.","Não foi possível atualizar os detalhes da transação."
"Orders and Returns","Pedidos e Devoluções"
"You entered incorrect data. Please try again.","Você inseriu dados incorretos. Por favor, tente novamente."
"Home","Home"
"Go to Home Page","Ir para a página inicial"
"We can't find this wish list.","Esta lista de desejos não foi encontrada."
"We could not add a product to cart by the ID ""%1"".","Não foi possível adicionar o produto no carrinho pelo ID ""%1""."
"There is an error in one of the option rows.","Há um erro em uma das linhas de opções."
"Shipping Address: ","Endereço de entrega: "
"Billing Address: ","Endereço de cobrança: "
"Please specify order items.","Por favor, especifique os itens do pedido."
"Please specify a shipping method.","Por favor, especifique um método de envio."
"Please specify a payment method.","Por favor, especifique um método de pagamento."
"This payment method is not available.","Este método de pagamento não está disponível."
"Validation is failed.","Ocorreu uma falha na validação."
"You did not email your customer. Please check your email settings.","Você não enviou o e-mail para seu cliente. Por favor, verifique suas configurações de e-mail."
"Path ""%1"" is not part of allowed directory ""%2""","Path ""%1"" is not part of allowed directory ""%2"""
"Identifying Fields required","Identificar os campos obrigatórios"
"Id required","Id required"
"A hold action is not available.","A hold action is not available."
"You cannot remove the hold.","You cannot remove the hold."
"We cannot cancel this order.","Você não pode cancelar esse pedido."
"Guest","Visitante"
"Please enter the first name.","Por favor, informe o nome."
"Please enter the last name.","Por favor, informe o sobrenome."
"Please enter the street.","Por favor, informe a rua."
"Please enter the city.","Por favor, informe a cidade."
"Please enter the phone number.","Por favor, informe o telefone."
"Please enter the zip/postal code.","Por favor, informe o Cep."
"Please enter the country.","Por favor, informe o país."
"Please enter the state/province.","Por favor digite o estado/província."
"Requested entity doesn't exist","A entidade solicitada não existe"
"Could not delete order address","Não foi possível excluir o endereço do pedido"
"Could not save order address","Não foi possível salvar o endereço do pedido"
"Pending","Pendente"
"Refunded","Reembolsado"
"Canceled","Cancelado"
"Unknown State","Situação desconhecida"
"We found an invalid quantity to refund item ""%1"".","Encontramos uma quantidade inválida para reembolsar o item ""%1""."
"Maximum shipping amount allowed to refund is: %1","O valor máximo de envio permitido para reembolso é: %1"
"Could not delete credit memo","Não foi possível excluir o memorando de crédito"
"Could not save credit memo","Não foi possível salvar o memorando de crédito"
"This order already has associated customer account","Este pedido já associado a conta de um cliente"
"Paid","Pago"
"We cannot register an existing invoice","Não foi possível registrar uma fatura existente"
"ID required","ID required"
"Unknown Status","Status desconhecido"
"Ordered","Ordenado"
"Shipped","Enviado"
"Invoiced","Faturado"
"Backordered","Backordered"
"Returned","Devolvido"
"Partial","Parcial"
"Mixed","Mixed"
"Registered a Void notification.","Registrada uma notificação de anulação."
"If the invoice was created offline, try creating an offline credit memo.","Se a fatura foi criada off-line, tente criar um memorando de crédito off-line."
"We refunded %1 online.","Nós reembolsamos %1 on-line."
"We refunded %1 offline.","Nós reembolsamos %1 off-line."
"IPN ""Refunded"". Refund issued by merchant. Registered notification about refunded amount of %1. Transaction ID: ""%2"". Credit Memo has not been created. Please create offline Credit Memo.","IPN ""Devolução"". Devolução emitida pelo comerciante. Registrada notificação sobre o valor reembolsado de %1. ID da transação: ""%2"". O memorando de credito não foi criado. Por favor, crie o memorando de crédito off-line."
"The credit memo has been created automatically.","O memorando de crédito foi criado automaticamente."
"Registered notification about refunded amount of %1.","Registrada notificação sobre valor da devolução de %1."
"Canceled order online","Pedido cancelado on-line"
"Canceled order offline","Pedido cancelado off-line"
"Approved the payment online.","Pagamento aprovado on-line."
"There is no need to approve this payment.","Não há necessidade de aprovar este pagamento."
"Denied the payment online","O pagamento foi negado on-line"
"Registered update about approved payment.","Registrado atualização sobre pagamento aprovado."
"Registered update about denied payment.","Registrada atualização sobre o pagamento negado."
"There is no update for the payment.","Não há nenhuma atualização para o pagamento."
"Voided authorization.","Autorização anulada."
"Amount: %1.","Quantia: %1."
"Transaction ID: ""%1""","ID da transação: ""%1"""
"The payment method you requested is not available.","O método de pagamento que você solicitou não está disponível."
"The payment disallows storing objects.","O pagamento não permite armazenar objetos."
"The transaction ""%1"" cannot be captured yet.","A transação ""%1"" ainda não pode ser capturada."
"We will authorize %1 after the payment is approved at the payment gateway.","Nós vamos autorizar %1 depois que o pagamento for aprovado no gateway de pagamento."
"Order is suspended as its authorizing amount %1 is suspected to be fraudulent.","Order is suspended as its authorizing amount %1 is suspected to be fraudulent."
"Authorized amount of %1","Valor autorizado de %1"
"An amount of %1 will be captured after being approved at the payment gateway.","An amount of %1 will be captured after being approved at the payment gateway."
"Captured amount of %1 online","Capturado o valor de %1 online"
"The order amount of %1 is pending approval on the payment gateway.","The order amount of %1 is pending approval on the payment gateway."
"Ordered amount of %1","Valor comprado de %1"
"Registered notification about captured amount of %1.","Registered notification about captured amount of %1."
"Order is suspended as its capture amount %1 is suspected to be fraudulent.","Order is suspended as its capture amount %1 is suspected to be fraudulent."
"The parent transaction ID must have a transaction ID.","The parent transaction ID must have a transaction ID."
"Payment transactions disallow storing objects.","Payment transactions disallow storing objects."
"The transaction ""%1"" (%2) is already closed.","The transaction ""%1"" (%2) is already closed."
"Set order for existing transactions not allowed","Set order for existing transactions not allowed"
"At minimum, you need to set a payment ID.","At minimum, you need to set a payment ID."
"Order","Pedido"
"Authorization","Autorização"
"We found an unsupported transaction type ""%1"".","We found an unsupported transaction type ""%1""."
"Please set a proper payment and order id.","Please set a proper payment and order id."
"Please enter a Transaction ID.","Por favor, digite o ID de transação."
"You can't do this without a transaction object.","Você não pode fazer isso sem o objeto de transação."
"Order # ","Pedido # "
"Order Date: ","Data do pedido: "
"Sold to:","Vendido para:"
"Ship to:","Enviar para:"
"Payment Method:","Forma de pagamento:"
"Shipping Method:","Método de envio:"
"Total Shipping Charges","Total Shipping Charges"
"Title","Título"
"Number","Número"
"We found an invalid renderer model.","We found an invalid renderer model."
"Please define the PDF object before using.","Por favor, defina o objeto PDF antes de usar."
"We don't recognize the draw line data. Please define the \"lines\" array.","We don't recognize the draw line data. Please define the \"lines\" array."
"Products","Produtos"
"Total (ex)","Total (ex)"
"Qty","Qtd"
"Tax","Taxa"
"Total (inc)","Total (inc)"
"Credit Memo # ","Memorando de crédito # "
"Invoice # ","Fatura # "
"The order object is not specified.","O objeto do pedido não foi especificado."
"The source object is not specified.","O objeto de origem não foi especificado."
"An item object is not specified.","O objeto do item não foi especificado."
"A PDF object is not specified.","O objeto PDF não está especificado."
"A PDF page object is not specified.","A PDF page object is not specified."
"Excl. Tax","Excl. Impostos"
"Incl. Tax","Imposto Incl."
"Packing Slip # ","Packing Slip # "
"title","título"
"The PDF total model %1 must be or extend \Magento\Sales\Model\Order\Pdf\Total\DefaultTotal.","O modelo de PDF total %1 deve ser ou estender o \Magento\Sales\Model\Order\Pdf\Total\DefaultTotal."
"We cannot register an existing shipment","We cannot register an existing shipment"
"We found an invalid quantity to ship for item ""%1"".","We found an invalid quantity to ship for item ""%1""."
"Please enter a tracking number.","Por favor, digite um número de rastreamento."
"Could not delete shipment","Não foi possível excluir a postagem"
"Could not save shipment","Não foi possivel salvar a postagem"
"The last status can't be unassigned from its current state.","The last status can't be unassigned from its current state."
"Status can't be unassigned, because it is used by existing order(s).","Status can't be unassigned, because it is used by existing order(s)."
"The total model should be extended from \Magento\Sales\Model\Order\Total\AbstractTotal.","O modelo total deve ser estendido de \Magento\Sales\Model\Order\Total\AbstractTotal."
"We cannot determine the field name.","We cannot determine the field name."
"City","Cidade"
"Company","Empresa"
"Country","País"
"Email","E-mail"
"First Name","Nome"
"Last Name","Sobrenome"
"State/Province","Estado/Província"
"Street Address","Endereço"
"Phone Number","Número do Telefone"
"Zip/Postal Code","CEP"
"We can't save the address:\n%1","We can't save the address:\n%1"
"Cannot save comment:
%1","Cannot save comment:
%1"
"We don't have enough information to save the parent transaction ID.","We don't have enough information to save the parent transaction ID."
"We cannot create an empty shipment.","We cannot create an empty shipment."
"Cannot save track:
%1","Cannot save track:
%1"
"Cannot unassign status from state","Cannot unassign status from state"
"New Orders","Novos pedidos"
"Order #%1 created at %2","Order #%1 created at %2"
"Details for %1 #%2","Detalhes para %1 #%2"
"Notified Date: %1","Data da notificação: %1"
"Comment: %1<br/>","Comentário: %1 <br/>"
"Current Status: %1<br/>","Status atual: %1 <br/>"
"Total: %1<br/>","Total: %1 <br/>"
"Order # %1 Notification(s)","Order # %1 Notification(s)"
"You can not cancel Credit Memo","You can not cancel Credit Memo"
"Could not cancel creditmemo","Could not cancel creditmemo"
"We cannot register an existing credit memo.","We cannot register an existing credit memo."
"The most money available to refund is %1.","The most money available to refund is %1."
"We found an invalid quantity to invoice item ""%1"".","We found an invalid quantity to invoice item ""%1""."
"The Order State ""%1"" must not be set manually.","The Order State ""%1"" must not be set manually."
"VAT Request Identifier","VAT Request Identifier"
"VAT Request Date","VAT Request Date"
"Pending Payment","Pagamento pendente"
"Processing","Processando"
"On Hold","On Hold"
"Complete","Finalizado"
"Closed","Fechado"
"Suspected Fraud","Suspeita de fraude"
"Payment Review","Payment Review"
"New","Novo"
"test message","test message"
"Email has not been sent","Email não foi enviado"
" Transaction ID: ""%1"""," ID da transação: ""%1"""
"View","Visualizar"
"Group was removed","O grupo foi removido"
"Changing address information will not recalculate shipping, tax or other order amount.","Alterar as informações de endereço não recalculará o envio, impostos ou outros valores do pedido."
"Comment Text","Texto do comentário"
"Notify Customer by Email","Notificar o cliente por e-mail"
"Visible on Storefront","Visible on Storefront"
"Customer","Cliente"
"Notified","Notificado"
"Not Notified","Não notificado"
"No Payment Methods","Não há Formas de Pagamento"
"Order Comments","Comentários do pedido"
"Apply Coupon Code","Aplicar Cupom de Desconto"
"Apply","Aplicar"
"Remove Coupon Code","Remover Cupom de Desconto"
"Remove","Remover"
"Address Information","Informações de Endereço"
"Payment &amp; Shipping Information","Informações de Pagamento &amp; Postagem"
"Order Total","Total do Pedido"
"Order Currency:","Moeda do pedido:"
"Same As Billing Address","Mesmo que o endereço de cobrança"
"Select from existing customer addresses:","Selecione endereços de cliente existentes:"
"Add New Address","Adicionar Novo Endereço"
"Save in address book","Salvar no catálogo de endereços"
"You don't need to select a shipping address.","Você não precisa selecionar um endereço de entrega."
"Gift Message for the Entire Order","Gift Message for the Entire Order"
"Leave this box blank if you don't want to leave a gift message for the entire order.","Deixe essa caixa em branco se você não quer deixar uma mensagem de presente para todo o pedido."
"Row Subtotal","Linha de Subtotal"
"Action","Ação"
"No ordered items","Não há itens solicitados"
"Update Items and Quantities","Atualizar Itens e Quantidades"
"Total %1 product(s)","%1 produto(s) no total"
"Subtotal:","Subtotal:"
"Tier Pricing","Nível de Preços"
"Custom Price","Preço personalizado "
"Please select","Selecione por favor"
"Move to Shopping Cart","Mover para o carrinho de compras"
"Move to Wish List","Mover para Lista de Desejos"
"Subscribe to Newsletter","Assinar newsletter"
"Click to change shipping method","Clique para alterar o método de envio"
"Sorry, no quotes are available for this order.","Desculpe, nenhuma cotação está disponível para este pedido."
"Get shipping methods and rates","Obter métodos de envio e taxas"
"You don't need to select a shipping method.","Você não precisa selecionar um método de envio."
"Customer's Activities","Atividades do cliente"
"Refresh","Atualizar"
"Item","Item"
"Add To Order","Adicionar ao pedido"
"Configure and Add to Order","Configurar e adicionar ao pedido"
"No items","Não há itens"
"Append Comments","Acrescentar comentários"
"Email Order Confirmation","E-mail de confirmação de pedido"
"Grand Total Excl. Tax","Grand Total Excl. Tax"
"Grand Total Incl. Tax","Grand Total Incl. Tax"
"Subtotal (Excl. Tax)","Subtotal (Excl. Tax)"
"Subtotal (Incl. Tax)","Subtotal (Incl. Tax)"
"Payment &amp; Shipping Method","Pagamento &amp; método de envio"
"Payment Information","Informação de Pagamento"
"The order was placed using %1.","O pedido foi realizado usando %1."
"Shipping Information","Dados de Entrega"
"Items to Refund","Itens para reembolso"
"Return to Stock","Retornar ao estoque"
"Qty to Refund","Qtde para reembolso"
"Tax Amount","Valor do imposto"
"Discount Amount","Quantidade do Desconto"
"Row Total","Linha Total"
"No Items To Refund","Não há itens para reembolso"
"Credit Memo Comments","Credit Memo Comments"
"Refund Totals","Total reembolsado"
"Email Copy of Credit Memo","Email Copy of Credit Memo"
"Please enter a positive number in this field.","Please enter a positive number in this field."
"Items Refunded","Itens reembolsados"
"No Items","Não há itens"
"Memo Total","Memo Total"
"Credit Memo History","Credit Memo History"
"Credit Memo Totals","Credit Memo Totals"
"Customer Name: %1","Nome do cliente: %1"
"Purchased From: %1","Purchased From: %1"
"Gift Message","Mensagem do presente"
"From:","De:"
"To:","Para:"
"Message:","Mensagem:"
"Shipping &amp; Handling","Shipping &amp; Handling"
"Gift Options","Opções de presente"
"Create Shipment","Create Shipment"
"Invoice and shipment types do not match for some items on this order. You can create a shipment only after creating the invoice.","Invoice and shipment types do not match for some items on this order. You can create a shipment only after creating the invoice."
"%1","%1"
"Qty to Invoice","Qty to Invoice"
"Invoice History","Invoice History"
"Invoice Comments","Invoice Comments"
"Invoice Totals","Invoice Totals"
"Amount","Quantidade"
"Capture Online","Capturar on-line"
"Capture Offline","Capturar off-line"
"Not Capture","Não capturar"
"The invoice will be created offline without the payment gateway.","A fatura será criada off-line sem o gateway de pagamento."
"Email Copy of Invoice","Cópia do e-mail de fatura"
"Items Invoiced","Itens faturados"
"Total Tax","Imposto total"
"From Name","Nome do remetente"
"To Name","To Name"
"Status","Status"
"Comment","Comentar"
"Notification Not Applicable","Notification Not Applicable"
"Order & Account Information","Order & Account Information"
"The order confirmation email was sent","The order confirmation email was sent"
"The order confirmation email is not sent","The order confirmation email is not sent"
"Order Date","Order Date"
"Order Date (%1)","Order Date (%1)"
"Purchased From","Purchased From"
"Link to the New Order","Link to the New Order"
"Link to the Previous Order","Link to the Previous Order"
"Placed from IP","Placed from IP"
"%1 / %2 rate:","%1 / %2 rate:"
"Customer Name","Nome do cliente"
"Customer Group","Grupo de clientes"
"Item Status","Item Status"
"Original Price","Preço original"
"Tax Percent","Tax Percent"
"Notes for this Order","Notes for this Order"
"Comment added","Comment added"
"Transaction Data","Transaction Data"
"Transaction ID","ID Transação"
"Parent Transaction ID","Parent Transaction ID"
"Order ID","ID do Pedido"
"Transaction Type","Tipo de Transação"
"Is Closed","Is Closed"
"Created At","Criado em"
"Child Transactions","Child Transactions"
"Transaction Details","Transaction Details"
"Items","Itens"
"Gift Message for this Order","Gift Message for this Order"
"Shipped By","Shipped By"
"Tracking Number","Número de rastreamento"
"Billing Last Name","Billing Last Name"
"Find Order By","Find Order By"
"ZIP Code","Código postal"
"Billing ZIP Code","Billing ZIP Code"
"Continue","Próximo"
"Print All Refunds","Imprimir todos os reembolsos"
"Refund #","Reembolso #"
"Print Refund","Impressão reembolso"
"Product Name","Nome do produto"
"Order #","Pedido #"
"Date","Data"
"Ship To","Enviar para"
"Actions","Ações"
"View Order","Visualizar pedido"
"You have placed no orders.","You have placed no orders."
"No shipping information available","No shipping information available"
"Print Order","Print Order"
"Print All Invoices","Print All Invoices"
"Invoice #","Invoice #"
"Print Invoice","Print Invoice"
"Qty Invoiced","Quantidade faturada"
"Close","Fechar"
"About Your Order","About Your Order"
"<span class=""label"">Order Date:</span> %1","<span class=""label"">Order Date:</span> %1"
"Refund #%1","Reembolso #%1"
"Shipment #%1","Shipment #%1"
"Qty Shipped","Quantidade enviada"
"Recent Orders","Recent Orders"
"View All","Ver tudo"
"Gift Message for This Order","Gift Message for This Order"
"Add to Cart","Adicionar ao Carrinho"
"Search","Pesquisa"
"%name,","%name,"
"Thank you for your order from %store_name.","Obrigado pelo seu pedido na loja %store_name."
"You can check the status of your order by <a href=""%account_url"">logging into your account</a>.","You can check the status of your order by <a href=""%account_url"">logging into your account</a>."
"If you have questions about your order, you can email us at <a href=""mailto:%store_email"">%store_email</a>","If you have questions about your order, you can email us at <a href=""mailto:%store_email"">%store_email</a>"
"or call us at <a href=""tel:%store_phone"">%store_phone</a>","or call us at <a href=""tel:%store_phone"">%store_phone</a>"
"Our hours are <span class=""no-link"">%store_hours</span>.","Our hours are <span class=""no-link"">%store_hours</span>."
"Your Credit Memo #%creditmemo_id for Order #%order_id","Your Credit Memo #%creditmemo_id for Order #%order_id"
"Billing Info","Informações de cobrança"
"Shipping Info","Informações de entrega"
"Your order #%increment_id has been updated with a status of <strong>%order_status</strong>.","Your order #%increment_id has been updated with a status of <strong>%order_status</strong>."
"Your Invoice #%invoice_id for Order #%order_id","Your Invoice #%invoice_id for Order #%order_id"
"%customer_name,","%customer_name,"
"Once your package ships we will send you a tracking number.","Once your package ships we will send you a tracking number."
"Your Order <span class=""no-link"">#%increment_id</span>","Your Order <span class=""no-link"">#%increment_id</span>"
"Placed on <span class=""no-link"">%created_at</span>","Placed on <span class=""no-link"">%created_at</span>"
"Once your package ships we will send an email with a link to track your order.","Once your package ships we will send an email with a link to track your order."
"Your shipping confirmation is below. Thank you again for your business.","Your shipping confirmation is below. Thank you again for your business."
"Your Shipment #%shipment_id for Order #%order_id","Your Shipment #%shipment_id for Order #%order_id"
"Gift Options for ","Gift Options for "
"Add Products","Adicionar Produtos"
"You have item changes","You have item changes"
"Ok","Ok"
"General","Geral"
"Hide Customer IP","Hide Customer IP"
"Choose whether a customer IP is shown in orders, invoices, shipments, and credit memos.","Choose whether a customer IP is shown in orders, invoices, shipments, and credit memos."
"Checkout Totals Sort Order","Checkout Totals Sort Order"
"Allow Reorder","Allow Reorder"
"Invoice and Packing Slip Design","Invoice and Packing Slip Design"
"Logo for PDF Print-outs (200x50)","Logo for PDF Print-outs (200x50)"
"
                        Your default logo will be used in PDF and HTML documents.<br />(jpeg, tiff, png) If your pdf image is distorted, try to use larger file-size image.
                    ","
                        Your default logo will be used in PDF and HTML documents.<br />(jpeg, tiff, png) If your pdf image is distorted, try to use larger file-size image.
                    "
"Logo for HTML Print View","Logo for HTML Print View"
"
                        Logo for HTML documents only. If empty, default will be used.<br />(jpeg, gif, png)
                    ","
                        Logo for HTML documents only. If empty, default will be used.<br />(jpeg, gif, png)
                    "
"Address","Endereço"
"Minimum Order Amount","Minimum Order Amount"
"Enable","Habilitado"
"Minimum Amount","Quantidade mínima"
"Subtotal after discount","Subtotal after discount"
"Include Tax to Amount","Incluso o imposto sobre a quantidade"
"Description Message","Mensagem de descrição"
"This message will be shown in the shopping cart when the subtotal (after discount) is lower than the minimum allowed amount.","This message will be shown in the shopping cart when the subtotal (after discount) is lower than the minimum allowed amount."
"Error to Show in Shopping Cart","Error to Show in Shopping Cart"
"Validate Each Address Separately in Multi-address Checkout","Validate Each Address Separately in Multi-address Checkout"
"Multi-address Description Message","Multi-address Description Message"
"We'll use the default description above if you leave this empty.","We'll use the default description above if you leave this empty."
"Multi-address Error to Show in Shopping Cart","Multi-address Error to Show in Shopping Cart"
"We'll use the default error above if you leave this empty.","We'll use the default error above if you leave this empty."
"Dashboard","Painel de Controle"
"Use Aggregated Data (beta)","Use Aggregated Data (beta)"
"Orders Cron Settings","Orders Cron Settings"
"Pending Payment Order Lifetime (minutes)","Pending Payment Order Lifetime (minutes)"
"Sales Emails","E-mails de vendas"
"Asynchronous sending","Asynchronous sending"
"Enabled","Habilitado"
"New Order Confirmation Email Sender","New Order Confirmation Email Sender"
"New Order Confirmation Template","New Order Confirmation Template"
"Email template chosen based on theme fallback when ""Default"" option is selected.","O modelo de e-mail escolhido baseado no tema ""fallback"" quando a opção ""Padrão"" é selecionada."
"New Order Confirmation Template for Guest","New Order Confirmation Template for Guest"
"Send Order Email Copy To","Send Order Email Copy To"
"Comma-separated","Comma-separated"
"Send Order Email Copy Method","Send Order Email Copy Method"
"Order Comment Email Sender","Order Comment Email Sender"
"Order Comment Email Template","Order Comment Email Template"
"Order Comment Email Template for Guest","Order Comment Email Template for Guest"
"Send Order Comment Email Copy To","Send Order Comment Email Copy To"
"Send Order Comments Email Copy Method","Send Order Comments Email Copy Method"
"Invoice Email Sender","Invoice Email Sender"
"Invoice Email Template","Invoice Email Template"
"Invoice Email Template for Guest","Invoice Email Template for Guest"
"Send Invoice Email Copy To","Send Invoice Email Copy To"
"Send Invoice Email Copy Method","Send Invoice Email Copy Method"
"Invoice Comment Email Sender","Invoice Comment Email Sender"
"Invoice Comment Email Template","Invoice Comment Email Template"
"Invoice Comment Email Template for Guest","Invoice Comment Email Template for Guest"
"Send Invoice Comment Email Copy To","Send Invoice Comment Email Copy To"
"Send Invoice Comments Email Copy Method","Send Invoice Comments Email Copy Method"
"Shipment","Envio"
"Shipment Email Sender","Shipment Email Sender"
"Shipment Email Template","Shipment Email Template"
"Shipment Email Template for Guest","Shipment Email Template for Guest"
"Send Shipment Email Copy To","Send Shipment Email Copy To"
"Send Shipment Email Copy Method","Send Shipment Email Copy Method"
"Shipment Comments","Shipment Comments"
"Shipment Comment Email Sender","Shipment Comment Email Sender"
"Shipment Comment Email Template","Shipment Comment Email Template"
"Shipment Comment Email Template for Guest","Shipment Comment Email Template for Guest"
"Send Shipment Comment Email Copy To","Send Shipment Comment Email Copy To"
"Send Shipment Comments Email Copy Method","Send Shipment Comments Email Copy Method"
"Credit Memo Email Sender","Credit Memo Email Sender"
"Credit Memo Email Template","Credit Memo Email Template"
"Credit Memo Email Template for Guest","Credit Memo Email Template for Guest"
"Send Credit Memo Email Copy To","Send Credit Memo Email Copy To"
"Send Credit Memo Email Copy Method","Send Credit Memo Email Copy Method"
"Credit Memo Comment Email Sender","Credit Memo Comment Email Sender"
"Credit Memo Comment Email Template","Credit Memo Comment Email Template"
"Credit Memo Comment Email Template for Guest","Credit Memo Comment Email Template for Guest"
"Send Credit Memo Comment Email Copy To","Send Credit Memo Comment Email Copy To"
"Send Credit Memo Comments Email Copy Method","Send Credit Memo Comments Email Copy Method"
"PDF Print-outs","PDF Print-outs"
"Display Order ID in Header","Display Order ID in Header"
"Customer Order Status Notification","Customer Order Status Notification"
"Asynchronous indexing","Asynchronous indexing"
"Orders and Returns Search Form","Orders and Returns Search Form"
"Anchor Custom Title","Anchor Custom Title"
"Template","Template"
"Default Template","Modelo padrão"
"Name","Nome"
"Phone","Telefone"
"ZIP/Post Code","Código postal / CEP"
"Signed-up Point","Signed-up Point"
"Website","Website"
"order-header","order-header"
"Bill-to Name","Nome de Cobrança"
"Created","Criado"
"Invoice Date","Data da factura"
"Ship-to Name","Nome de Entrega"
"Ship Date","Data de envio"
"Total Quantity","Quantidade total"
"Default Status","Default Status"
"State Code and Title","State Code and Title"
"All Store Views","Todas as Visões de Loja"
"PDF Credit Memos","PDF Credit Memos"
"Purchase Point","Ponto de compra"
"Print Invoices","Print Invoices"
"Print Packing Slips","Print Packing Slips"
"Print Credit Memos","Print Credit Memos"
"Print All","Imprimir tudo"
"Print Shipping Labels","Print Shipping Labels"
"Purchase Date","Purchase Date"
"Grand Total (Base)","Total geral (Base)"
"Grand Total (Purchased)","Total geral (comprado)"
"Customer Email","E-mail do cliente"
"Shipping and Handling","Shipping and Handling"
"PDF Invoices","Faturas PDF"
"PDF Shipments","PDF Shipments"
"PDF Creditmemos","PDF Creditmemos"
"Refunds","Refunds"
